producto_id,nombre,categoria,tienda,stock,stock_minimo,costo_unitario,fecha_ingreso
P0001,Falda Mujer 1,Falda,Barranquilla,221,53,50.88,2023-12-25
P0002,Blusa Mujer 2,Blusa,Cali,66,89,37.4,2023-04-16
P0003,Blusa Mujer 3,Blusa,Medellín,219,43,99.4,2023-02-20
P0004,Falda Mujer 4,Falda,Cali,141,48,42.23,2023-12-16
P0005,Falda Mujer 5,Falda,Cali,145,69,56.78,2023-03-02
P0006,Blusa Mujer 6,Blusa,Bogotá,215,65,78.61,2023-12-24
P0007,Pantalón Mujer 7,Pantalón,Barranquilla,118,45,20.7,2023-12-04
P0008,Falda Mujer 8,Falda,Medellín,208,99,69.04,2023-12-16
P0009,Vestido Mujer 9,Vestido,Medellín,153,55,81.77,2023-10-19
P0010,Chaqueta Mujer 10,Chaqueta,Medellín,110,88,36.19,2023-10-16
P0011,Vestido Mujer 11,Vestido,Cali,27,28,27.84,2023-12-09
P0012,Falda Mujer 12,Falda,Bogotá,157,86,72.69,2023-11-18
P0013,Blusa Mujer 13,Blusa,Medellín,179,64,118.97,2024-06-27
P0014,Chaqueta Mujer 14,Chaqueta,Bogotá,35,44,36.05,2023-02-20
P0015,Falda Mujer 15,Falda,Barranquilla,82,22,11.02,2023-05-28
P0016,Blusa Mujer 16,Blusa,Cali,139,74,15.24,2023-05-20
P0017,Blusa Mujer 17,Blusa,Medellín,215,93,114.77,2023-10-06
P0018,Blusa Mujer 18,Blusa,Bogotá,158,44,111.15,2023-12-13
P0019,Falda Mujer 19,Falda,Bogotá,173,98,35.19,2023-02-07
P0020,Vestido Mujer 20,Vestido,Cali,105,65,33.6,2023-10-05
P0021,Falda Mujer 21,Falda,Medellín,254,60,33.29,2023-03-14
P0022,Blusa Mujer 22,Blusa,Bogotá,49,49,53.14,2023-08-11
P0023,Blusa Mujer 23,Blusa,Cali,68,45,83.53,2023-01-26
P0024,Chaqueta Mujer 24,Chaqueta,Bogotá,72,52,36.84,2023-01-15
P0025,Falda Mujer 25,Falda,Barranquilla,294,93,66.6,2023-05-24
P0026,Chaqueta Mujer 26,Chaqueta,Cali,123,52,94.28,2023-02-04
P0027,Vestido Mujer 27,Vestido,Barranquilla,240,88,25.51,2023-03-09
P0028,Falda Mujer 28,Falda,Barranquilla,120,10,83.36,2023-02-25
P0029,Chaqueta Mujer 29,Chaqueta,Bogotá,148,23,47.76,2023-12-28
P0030,Vestido Mujer 30,Vestido,Cali,59,92,44.44,2023-07-01
P0031,Chaqueta Mujer 31,Chaqueta,Medellín,84,42,13.48,2023-11-11
P0032,Chaqueta Mujer 32,Chaqueta,Bogotá,166,59,93.51,2023-07-28
P0033,Pantalón Mujer 33,Pantalón,Cali,36,24,48.22,2023-12-09
P0034,Blusa Mujer 34,Blusa,Barranquilla,149,43,60.65,2023-10-28
P0035,Falda Mujer 35,Falda,Bogotá,36,56,46.57,2023-11-06
P0036,Falda Mujer 36,Falda,Medellín,48,91,105.01,2023-08-21
P0037,Falda Mujer 37,Falda,Barranquilla,253,24,16.45,2023-11-21
P0038,Falda Mujer 38,Falda,Barranquilla,139,91,33.31,2023-01-17
P0039,Vestido Mujer 39,Vestido,Cali,40,62,28.17,2023-04-18
P0040,Pantalón Mujer 40,Pantalón,Barranquilla,137,46,43.43,2023-02-08
P0041,Vestido Mujer 41,Vestido,Medellín,248,39,46.89,2023-12-25
P0042,Vestido Mujer 42,Vestido,Barranquilla,122,60,12.18,2023-09-08
P0043,Blusa Mujer 43,Blusa,Medellín,77,76,87.62,2023-12-01
P0044,Blusa Mujer 44,Blusa,Medellín,286,27,13.56,2023-06-14
P0045,Falda Mujer 45,Falda,Cali,91,73,38.89,2023-05-23
P0046,Falda Mujer 46,Falda,Medellín,88,89,77.05,2023-12-04
P0047,Falda Mujer 47,Falda,Barranquilla,257,12,66.44,2023-03-15
P0048,Vestido Mujer 48,Vestido,Cali,142,88,79.22,2023-05-02
P0049,Falda Mujer 49,Falda,Medellín,261,49,95.67,2023-03-13
P0050,Falda Mujer 50,Falda,Cali,258,29,43.77,2023-02-24
P0051,Chaqueta Mujer 51,Chaqueta,Cali,96,96,44.24,2023-05-15
P0052,Pantalón Mujer 52,Pantalón,Medellín,55,10,23.25,2023-03-21
P0053,Chaqueta Mujer 53,Chaqueta,Barranquilla,208,50,35.37,2023-07-24
P0054,Vestido Mujer 54,Vestido,Cali,237,63,38.26,2023-10-17
P0055,Pantalón Mujer 55,Pantalón,Bogotá,270,43,53.52,2023-03-10
P0056,Blusa Mujer 56,Blusa,Medellín,189,24,64.37,2023-11-15
P0057,Chaqueta Mujer 57,Chaqueta,Cali,202,59,25.93,2023-03-14
P0058,Blusa Mujer 58,Blusa,Cali,225,78,107.02,2023-07-27
P0059,Falda Mujer 59,Falda,Medellín,175,55,25.46,2023-01-17
P0060,Pantalón Mujer 60,Pantalón,Barranquilla,241,68,17.08,2023-09-20
P0061,Falda Mujer 61,Falda,Medellín,121,72,30.19,2023-02-25
P0062,Chaqueta Mujer 62,Chaqueta,Bogotá,217,81,29.42,2023-11-07
P0063,Falda Mujer 63,Falda,Barranquilla,176,10,105.75,2023-12-05
P0064,Pantalón Mujer 64,Pantalón,Barranquilla,127,55,44.04,2023-02-14
P0065,Chaqueta Mujer 65,Chaqueta,Medellín,291,28,38.44,2023-12-11
P0066,Vestido Mujer 66,Vestido,Bogotá,56,48,68.19,2023-07-18
P0067,Pantalón Mujer 67,Pantalón,Cali,135,33,42.8,2023-12-12
P0068,Blusa Mujer 68,Blusa,Barranquilla,36,11,103.77,2023-05-09
P0069,Vestido Mujer 69,Vestido,Medellín,119,64,44.65,2023-03-02
P0070,Chaqueta Mujer 70,Chaqueta,Barranquilla,217,64,12.75,2023-01-01
P0071,Vestido Mujer 71,Vestido,Bogotá,36,64,29.64,2023-01-06
P0072,Chaqueta Mujer 72,Chaqueta,Cali,153,45,116.69,2023-01-28
P0073,Vestido Mujer 73,Vestido,Cali,184,62,37.92,2023-11-09
P0074,Vestido Mujer 74,Vestido,Barranquilla,250,19,39.93,2023-05-08
P0075,Blusa Mujer 75,Blusa,Barranquilla,254,72,117.91,2023-11-06
P0076,Chaqueta Mujer 76,Chaqueta,Cali,243,80,102.71,2023-11-18
P0077,Falda Mujer 77,Falda,Medellín,182,14,59.4,2023-11-05
P0078,Blusa Mujer 78,Blusa,Barranquilla,266,85,104.35,2023-12-23
P0079,Vestido Mujer 79,Vestido,Cali,33,13,29.38,2023-04-03
P0080,Falda Mujer 80,Falda,Barranquilla,62,62,12.46,2023-12-16
P0081,Blusa Mujer 81,Blusa,Medellín,228,12,26.16,2023-04-05
P0082,Falda Mujer 82,Falda,Cali,274,84,103.43,2023-03-11
P0083,Pantalón Mujer 83,Pantalón,Bogotá,167,99,52.38,2023-04-12
P0084,Blusa Mujer 84,Blusa,Barranquilla,22,67,89.4,2023-06-08
P0085,Pantalón Mujer 85,Pantalón,Cali,229,86,12.55,2023-02-07
P0086,Blusa Mujer 86,Blusa,Bogotá,277,48,47.27,2023-01-13
P0087,Blusa Mujer 87,Blusa,Medellín,96,85,15.96,2023-04-18
P0088,Chaqueta Mujer 88,Chaqueta,Barranquilla,92,66,113.09,2023-04-06
P0089,Chaqueta Mujer 89,Chaqueta,Barranquilla,141,40,21.82,2023-03-10
P0090,Chaqueta Mujer 90,Chaqueta,Cali,114,27,41.62,2023-11-26
P0091,Blusa Mujer 91,Blusa,Medellín,75,64,107.3,2023-12-14
P0092,Blusa Mujer 92,Blusa,Bogotá,173,89,57.47,2023-04-18
P0093,Vestido Mujer 93,Vestido,Barranquilla,241,56,12.14,2023-10-28
P0094,Vestido Mujer 94,Vestido,Bogotá,276,42,41.29,2023-09-17
P0095,Chaqueta Mujer 95,Chaqueta,Medellín,30,37,91.18,2023-05-13
P0096,Vestido Mujer 96,Vestido,Barranquilla,42,99,116.56,2024-06-25
P0097,Vestido Mujer 97,Vestido,Cali,270,13,87.84,2023-05-13
P0098,Chaqueta Mujer 98,Chaqueta,Barranquilla,210,32,44.95,2023-10-24
P0099,Falda Mujer 99,Falda,Barranquilla,91,98,35.24,2023-09-24
P0100,Vestido Mujer 100,Vestido,Cali,295,28,55.23,2023-01-04
P0101,Vestido Mujer 101,Vestido,Barranquilla,223,92,47.79,2023-10-15
P0102,Vestido Mujer 102,Vestido,Medellín,197,28,115.99,2023-03-19
P0103,Pantalón Mujer 103,Pantalón,Barranquilla,127,55,58.11,2023-04-01
P0104,Falda Mujer 104,Falda,Cali,256,91,34.17,2023-10-26
P0105,Chaqueta Mujer 105,Chaqueta,Medellín,273,61,52.59,2023-12-05
P0106,Falda Mujer 106,Falda,Bogotá,193,27,57.48,2023-02-09
P0107,Blusa Mujer 107,Blusa,Medellín,255,24,38.9,2023-10-27
P0108,Blusa Mujer 108,Blusa,Medellín,278,47,117.15,2023-05-12
P0109,Pantalón Mujer 109,Pantalón,Medellín,142,53,77.95,2023-07-26
P0110,Pantalón Mujer 110,Pantalón,Bogotá,277,49,17.73,2024-06-28
P0111,Vestido Mujer 111,Vestido,Cali,266,97,93.07,2023-09-07
P0112,Blusa Mujer 112,Blusa,Barranquilla,43,38,27.94,2023-09-25
P0113,Vestido Mujer 113,Vestido,Bogotá,245,96,19.66,2023-08-15
P0114,Chaqueta Mujer 114,Chaqueta,Bogotá,48,66,11.34,2023-08-21
P0115,Falda Mujer 115,Falda,Cali,185,56,71.88,2023-11-28
P0116,Vestido Mujer 116,Vestido,Bogotá,76,73,58.94,2023-10-15
P0117,Chaqueta Mujer 117,Chaqueta,Cali,288,56,28.21,2023-09-22
P0118,Chaqueta Mujer 118,Chaqueta,Cali,158,14,56.11,2023-12-11
P0119,Chaqueta Mujer 119,Chaqueta,Barranquilla,185,21,87.48,2023-12-11
P0120,Falda Mujer 120,Falda,Bogotá,28,20,107.82,2023-09-04
P0121,Pantalón Mujer 121,Pantalón,Cali,14,15,102.44,2023-11-11
P0122,Blusa Mujer 122,Blusa,Medellín,99,27,73.52,2023-05-22
P0123,Falda Mujer 123,Falda,Bogotá,211,18,78.65,2023-08-17
P0124,Chaqueta Mujer 124,Chaqueta,Cali,135,78,103.45,2023-10-12
P0125,Vestido Mujer 125,Vestido,Barranquilla,133,57,59.76,2023-05-11
P0126,Falda Mujer 126,Falda,Medellín,177,93,94.1,2023-12-07
P0127,Blusa Mujer 127,Blusa,Barranquilla,228,11,118.24,2023-12-24
P0128,Vestido Mujer 128,Vestido,Barranquilla,101,81,63.65,2023-02-04
P0129,Vestido Mujer 129,Vestido,Barranquilla,237,96,27.05,2023-06-03
P0130,Pantalón Mujer 130,Pantalón,Barranquilla,6,76,94.46,2023-01-11
P0131,Blusa Mujer 131,Blusa,Cali,246,24,13.71,2023-01-21
P0132,Blusa Mujer 132,Blusa,Cali,78,34,99.02,2023-06-07
P0133,Vestido Mujer 133,Vestido,Bogotá,13,74,119.7,2023-02-13
P0134,Blusa Mujer 134,Blusa,Cali,79,87,10.48,2023-02-04
P0135,Vestido Mujer 135,Vestido,Cali,101,88,53.72,2023-05-10
P0136,Chaqueta Mujer 136,Chaqueta,Cali,7,97,119.77,2023-10-08
P0137,Vestido Mujer 137,Vestido,Cali,94,27,22.93,2023-12-13
P0138,Falda Mujer 138,Falda,Cali,167,24,106.45,2023-08-14
P0139,Chaqueta Mujer 139,Chaqueta,Cali,254,86,35.7,2023-11-28
P0140,Vestido Mujer 140,Vestido,Medellín,113,63,92.73,2023-04-24
P0141,Pantalón Mujer 141,Pantalón,Cali,266,98,59.38,2023-12-25
P0142,Vestido Mujer 142,Vestido,Medellín,36,86,107.56,2023-11-27
P0143,Pantalón Mujer 143,Pantalón,Cali,183,67,29.24,2023-12-27
P0144,Vestido Mujer 144,Vestido,Barranquilla,40,91,105.69,2023-12-02
P0145,Blusa Mujer 145,Blusa,Barranquilla,36,29,37.34,2023-01-03
P0146,Blusa Mujer 146,Blusa,Medellín,299,12,41.72,2023-05-10
P0147,Falda Mujer 147,Falda,Cali,99,35,43.24,2023-03-13
P0148,Vestido Mujer 148,Vestido,Cali,67,54,87.33,2023-12-25
P0149,Vestido Mujer 149,Vestido,Medellín,9,89,87.64,2023-07-05
P0150,Blusa Mujer 150,Blusa,Cali,212,29,45.34,2023-09-08
P0151,Blusa Mujer 151,Blusa,Bogotá,251,81,46.41,2023-01-10
P0152,Pantalón Mujer 152,Pantalón,Bogotá,238,25,48.47,2023-12-13
P0153,Pantalón Mujer 153,Pantalón,Medellín,222,59,47.34,2023-03-08
P0154,Pantalón Mujer 154,Pantalón,Cali,57,23,56.1,2023-08-24
P0155,Chaqueta Mujer 155,Chaqueta,Cali,293,77,106.44,2023-02-03
P0156,Vestido Mujer 156,Vestido,Bogotá,134,29,99.15,2023-03-04
P0157,Chaqueta Mujer 157,Chaqueta,Cali,177,88,15.71,2023-05-18
P0158,Falda Mujer 158,Falda,Barranquilla,172,66,31.04,2023-11-08
P0159,Blusa Mujer 159,Blusa,Barranquilla,126,19,102.29,2023-02-18
P0160,Blusa Mujer 160,Blusa,Medellín,257,26,75.66,2023-10-24
P0161,Falda Mujer 161,Falda,Cali,125,65,80.26,2023-12-10
P0162,Blusa Mujer 162,Blusa,Medellín,230,91,12.0,2023-02-02
P0163,Falda Mujer 163,Falda,Medellín,266,80,22.47,2023-03-27
P0164,Vestido Mujer 164,Vestido,Medellín,147,13,78.55,2023-03-23
P0165,Pantalón Mujer 165,Pantalón,Barranquilla,87,18,46.12,2023-04-22
P0166,Blusa Mujer 166,Blusa,Medellín,171,77,109.16,2023-03-26
P0167,Chaqueta Mujer 167,Chaqueta,Bogotá,14,73,88.84,2023-11-07
P0168,Pantalón Mujer 168,Pantalón,Medellín,83,20,19.54,2023-10-02
P0169,Chaqueta Mujer 169,Chaqueta,Medellín,289,16,50.34,2023-10-06
P0170,Blusa Mujer 170,Blusa,Medellín,295,19,85.61,2023-05-18
P0171,Blusa Mujer 171,Blusa,Medellín,88,64,112.09,2023-12-05
P0172,Chaqueta Mujer 172,Chaqueta,Medellín,156,96,70.54,2023-12-23
P0173,Blusa Mujer 173,Blusa,Cali,17,34,92.72,2023-04-13
P0174,Pantalón Mujer 174,Pantalón,Bogotá,214,17,19.44,2023-10-14
P0175,Pantalón Mujer 175,Pantalón,Barranquilla,17,73,23.34,2023-02-01
P0176,Chaqueta Mujer 176,Chaqueta,Bogotá,137,77,85.27,2023-12-05
P0177,Falda Mujer 177,Falda,Bogotá,20,76,114.55,2023-12-10
P0178,Pantalón Mujer 178,Pantalón,Cali,91,72,86.7,2023-12-02
P0179,Vestido Mujer 179,Vestido,Cali,126,10,109.4,2023-12-01
P0180,Chaqueta Mujer 180,Chaqueta,Cali,246,86,68.95,2023-01-01
P0181,Falda Mujer 181,Falda,Bogotá,197,85,32.21,2023-07-05
P0182,Chaqueta Mujer 182,Chaqueta,Cali,256,11,74.23,2023-01-26
P0183,Chaqueta Mujer 183,Chaqueta,Cali,120,15,45.09,2023-08-26
P0184,Chaqueta Mujer 184,Chaqueta,Bogotá,289,77,10.78,2023-11-06
P0185,Falda Mujer 185,Falda,Cali,49,49,44.58,2023-07-07
P0186,Chaqueta Mujer 186,Chaqueta,Bogotá,170,20,39.75,2023-04-24
P0187,Chaqueta Mujer 187,Chaqueta,Cali,222,38,41.29,2023-03-23
P0188,Chaqueta Mujer 188,Chaqueta,Medellín,108,98,58.93,2023-12-05
P0189,Blusa Mujer 189,Blusa,Bogotá,288,60,13.84,2023-05-01
P0190,Falda Mujer 190,Falda,Barranquilla,213,48,66.04,2023-08-05
P0191,Chaqueta Mujer 191,Chaqueta,Barranquilla,241,90,57.03,2023-12-14
P0192,Pantalón Mujer 192,Pantalón,Cali,55,15,22.68,2023-07-01
P0193,Pantalón Mujer 193,Pantalón,Medellín,66,43,78.58,2023-11-02
P0194,Vestido Mujer 194,Vestido,Bogotá,111,29,63.24,2023-12-25
P0195,Chaqueta Mujer 195,Chaqueta,Barranquilla,168,27,80.5,2023-08-26
P0196,Chaqueta Mujer 196,Chaqueta,Cali,21,27,104.79,2023-12-25
P0197,Pantalón Mujer 197,Pantalón,Cali,6,28,66.85,2024-06-14
P0198,Chaqueta Mujer 198,Chaqueta,Bogotá,14,84,44.82,2023-07-07
P0199,Vestido Mujer 199,Vestido,Medellín,289,84,10.77,2023-12-22
P0200,Pantalón Mujer 200,Pantalón,Cali,257,22,76.99,2023-01-20
P0201,Vestido Mujer 201,Vestido,Cali,204,45,14.67,2023-01-02
P0202,Blusa Mujer 202,Blusa,Bogotá,64,71,104.87,2023-12-04
P0203,Falda Mujer 203,Falda,Bogotá,293,19,80.85,2023-02-21
P0204,Blusa Mujer 204,Blusa,Cali,178,60,33.75,2023-10-26
P0205,Chaqueta Mujer 205,Chaqueta,Cali,140,47,61.77,2023-12-09
P0206,Vestido Mujer 206,Vestido,Bogotá,262,87,41.03,2023-12-18
P0207,Falda Mujer 207,Falda,Bogotá,272,89,116.27,2023-12-20
P0208,Blusa Mujer 208,Blusa,Cali,165,44,103.7,2024-06-13
P0209,Chaqueta Mujer 209,Chaqueta,Medellín,282,41,76.52,2023-04-25
P0210,Falda Mujer 210,Falda,Cali,54,72,32.01,2023-09-18
P0211,Falda Mujer 211,Falda,Barranquilla,40,98,37.65,2023-02-19
P0212,Vestido Mujer 212,Vestido,Bogotá,3,78,89.22,2023-12-07
P0213,Pantalón Mujer 213,Pantalón,Barranquilla,162,45,97.4,2023-07-06
P0214,Pantalón Mujer 214,Pantalón,Cali,6,55,64.34,2023-12-11
P0215,Pantalón Mujer 215,Pantalón,Barranquilla,226,70,84.11,2023-02-19
P0216,Vestido Mujer 216,Vestido,Cali,136,13,94.57,2023-12-13
P0217,Blusa Mujer 217,Blusa,Barranquilla,297,66,87.68,2023-10-28
P0218,Falda Mujer 218,Falda,Cali,92,55,111.46,2023-12-26
P0219,Pantalón Mujer 219,Pantalón,Cali,109,11,39.26,2023-11-13
P0220,Blusa Mujer 220,Blusa,Barranquilla,88,36,64.1,2023-10-02
P0221,Blusa Mujer 221,Blusa,Cali,85,60,92.32,2023-04-05
P0222,Vestido Mujer 222,Vestido,Medellín,46,10,30.0,2023-03-19
P0223,Pantalón Mujer 223,Pantalón,Medellín,253,15,88.68,2023-04-23
P0224,Vestido Mujer 224,Vestido,Cali,223,75,106.07,2023-12-26
P0225,Pantalón Mujer 225,Pantalón,Cali,33,30,74.77,2023-01-01
P0226,Blusa Mujer 226,Blusa,Cali,39,80,34.14,2023-10-09
P0227,Blusa Mujer 227,Blusa,Barranquilla,173,74,109.49,2023-07-28
P0228,Pantalón Mujer 228,Pantalón,Cali,211,27,46.39,2023-04-01
P0229,Pantalón Mujer 229,Pantalón,Medellín,185,29,22.99,2023-11-12
P0230,Blusa Mujer 230,Blusa,Barranquilla,23,12,116.6,2023-02-24
P0231,Chaqueta Mujer 231,Chaqueta,Barranquilla,292,85,21.59,2023-01-21
P0232,Vestido Mujer 232,Vestido,Cali,29,27,54.26,2023-04-11
P0233,Falda Mujer 233,Falda,Bogotá,93,54,47.19,2023-01-09
P0234,Chaqueta Mujer 234,Chaqueta,Medellín,224,88,83.16,2023-02-18
P0235,Falda Mujer 235,Falda,Cali,10,19,114.2,2023-10-18
P0236,Falda Mujer 236,Falda,Bogotá,239,87,81.29,2023-05-03
P0237,Blusa Mujer 237,Blusa,Cali,214,62,41.17,2023-02-03
P0238,Vestido Mujer 238,Vestido,Medellín,188,30,17.06,2023-05-18
P0239,Falda Mujer 239,Falda,Barranquilla,173,55,58.57,2023-08-02
P0240,Chaqueta Mujer 240,Chaqueta,Barranquilla,240,73,16.6,2023-11-11
P0241,Falda Mujer 241,Falda,Bogotá,188,74,62.85,2023-11-16
P0242,Pantalón Mujer 242,Pantalón,Bogotá,220,92,52.86,2023-02-25
P0243,Chaqueta Mujer 243,Chaqueta,Medellín,217,82,80.64,2023-05-04
P0244,Falda Mujer 244,Falda,Barranquilla,155,55,26.68,2023-11-13
P0245,Pantalón Mujer 245,Pantalón,Bogotá,28,32,99.22,2023-07-13
P0246,Vestido Mujer 246,Vestido,Medellín,99,42,95.29,2023-02-05
P0247,Blusa Mujer 247,Blusa,Barranquilla,60,39,77.95,2023-03-09
P0248,Pantalón Mujer 248,Pantalón,Cali,201,89,29.85,2023-12-01
P0249,Chaqueta Mujer 249,Chaqueta,Bogotá,261,74,103.19,2023-05-09
P0250,Chaqueta Mujer 250,Chaqueta,Barranquilla,5,27,53.69,2023-12-22
P0251,Chaqueta Mujer 251,Chaqueta,Bogotá,80,57,30.84,2023-11-28
P0252,Pantalón Mujer 252,Pantalón,Medellín,290,65,10.32,2023-12-25
P0253,Falda Mujer 253,Falda,Barranquilla,157,49,84.01,2023-11-01
P0254,Vestido Mujer 254,Vestido,Barranquilla,150,70,44.05,2023-03-03
P0255,Pantalón Mujer 255,Pantalón,Bogotá,156,45,81.08,2023-11-14
P0256,Pantalón Mujer 256,Pantalón,Barranquilla,65,39,85.08,2023-04-28
P0257,Pantalón Mujer 257,Pantalón,Bogotá,70,71,114.2,2023-08-02
P0258,Blusa Mujer 258,Blusa,Cali,214,74,13.46,2023-05-09
P0259,Falda Mujer 259,Falda,Bogotá,281,76,73.86,2023-11-09
P0260,Falda Mujer 260,Falda,Medellín,123,21,51.4,2023-06-24
P0261,Chaqueta Mujer 261,Chaqueta,Bogotá,232,63,24.42,2024-06-10
P0262,Pantalón Mujer 262,Pantalón,Cali,37,65,95.77,2023-02-21
P0263,Blusa Mujer 263,Blusa,Medellín,26,86,31.75,2023-11-27
P0264,Pantalón Mujer 264,Pantalón,Medellín,17,45,111.14,2023-03-06
P0265,Falda Mujer 265,Falda,Cali,212,33,103.68,2023-04-21
P0266,Blusa Mujer 266,Blusa,Medellín,264,96,94.79,2023-11-09
P0267,Pantalón Mujer 267,Pantalón,Bogotá,178,18,78.04,2023-11-11
P0268,Blusa Mujer 268,Blusa,Medellín,247,56,43.05,2023-09-05
P0269,Blusa Mujer 269,Blusa,Barranquilla,76,74,33.7,2023-12-17
P0270,Blusa Mujer 270,Blusa,Bogotá,34,68,20.06,2023-12-02
P0271,Chaqueta Mujer 271,Chaqueta,Medellín,245,38,31.66,2023-11-22
P0272,Falda Mujer 272,Falda,Cali,219,33,64.15,2023-11-27
P0273,Blusa Mujer 273,Blusa,Bogotá,250,61,22.03,2023-08-04
P0274,Falda Mujer 274,Falda,Cali,177,78,14.54,2023-12-13
P0275,Pantalón Mujer 275,Pantalón,Medellín,240,58,56.84,2023-11-06
P0276,Pantalón Mujer 276,Pantalón,Bogotá,203,86,19.95,2024-06-09
P0277,Pantalón Mujer 277,Pantalón,Barranquilla,2,46,89.89,2023-11-06
P0278,Falda Mujer 278,Falda,Barranquilla,14,22,89.64,2023-11-01
P0279,Falda Mujer 279,Falda,Barranquilla,7,35,11.56,2023-12-06
P0280,Pantalón Mujer 280,Pantalón,Medellín,202,92,35.53,2023-03-28
P0281,Chaqueta Mujer 281,Chaqueta,Barranquilla,4,89,109.38,2023-02-06
P0282,Chaqueta Mujer 282,Chaqueta,Bogotá,120,38,112.39,2023-05-10
P0283,Blusa Mujer 283,Blusa,Medellín,63,37,94.04,2024-06-03
P0284,Pantalón Mujer 284,Pantalón,Barranquilla,218,82,73.56,2023-01-21
P0285,Blusa Mujer 285,Blusa,Bogotá,173,63,21.55,2023-08-08
P0286,Chaqueta Mujer 286,Chaqueta,Medellín,175,88,78.4,2023-12-05
P0287,Chaqueta Mujer 287,Chaqueta,Barranquilla,63,95,71.63,2023-09-06
P0288,Pantalón Mujer 288,Pantalón,Barranquilla,295,13,105.34,2023-02-23
P0289,Chaqueta Mujer 289,Chaqueta,Cali,18,62,64.34,2023-10-28
P0290,Chaqueta Mujer 290,Chaqueta,Medellín,100,26,75.73,2023-12-13
P0291,Chaqueta Mujer 291,Chaqueta,Barranquilla,273,31,119.68,2023-11-23
P0292,Falda Mujer 292,Falda,Bogotá,230,21,62.57,2023-09-07
P0293,Vestido Mujer 293,Vestido,Bogotá,295,25,25.28,2023-12-25
P0294,Chaqueta Mujer 294,Chaqueta,Medellín,118,67,104.81,2023-04-19
P0295,Falda Mujer 295,Falda,Medellín,59,89,40.01,2023-12-20
P0296,Vestido Mujer 296,Vestido,Barranquilla,214,33,115.03,2023-12-05
P0297,Vestido Mujer 297,Vestido,Barranquilla,261,15,78.0,2023-12-02
P0298,Falda Mujer 298,Falda,Bogotá,179,45,91.06,2023-02-15
P0299,Falda Mujer 299,Falda,Cali,155,91,66.6,2023-10-27
P0300,Blusa Mujer 300,Blusa,Medellín,163,98,118.47,2023-03-03
P0301,Falda Mujer 301,Falda,Medellín,18,85,18.8,2023-10-10
P0302,Falda Mujer 302,Falda,Cali,189,32,35.86,2023-12-02
P0303,Pantalón Mujer 303,Pantalón,Bogotá,2,83,10.89,2023-01-25
P0304,Vestido Mujer 304,Vestido,Bogotá,244,34,73.16,2023-08-05
P0305,Falda Mujer 305,Falda,Barranquilla,135,36,75.88,2023-03-14
P0306,Falda Mujer 306,Falda,Medellín,144,35,17.7,2023-02-01
P0307,Chaqueta Mujer 307,Chaqueta,Bogotá,297,66,93.11,2023-11-19
P0308,Blusa Mujer 308,Blusa,Barranquilla,134,48,58.3,2023-10-24
P0309,Blusa Mujer 309,Blusa,Barranquilla,234,20,55.99,2023-08-09
P0310,Falda Mujer 310,Falda,Barranquilla,249,40,68.59,2023-02-11
P0311,Blusa Mujer 311,Blusa,Cali,146,48,28.45,2023-05-21
P0312,Falda Mujer 312,Falda,Bogotá,280,33,89.63,2023-12-07
P0313,Chaqueta Mujer 313,Chaqueta,Medellín,165,65,99.85,2023-01-26
P0314,Falda Mujer 314,Falda,Medellín,90,93,37.5,2023-03-27
P0315,Vestido Mujer 315,Vestido,Cali,211,21,64.02,2023-04-20
P0316,Pantalón Mujer 316,Pantalón,Medellín,232,61,14.27,2023-11-18
P0317,Blusa Mujer 317,Blusa,Barranquilla,140,21,73.21,2023-05-26
P0318,Pantalón Mujer 318,Pantalón,Barranquilla,18,53,104.8,2023-06-15
P0319,Chaqueta Mujer 319,Chaqueta,Bogotá,13,62,44.3,2023-12-05
P0320,Chaqueta Mujer 320,Chaqueta,Bogotá,259,54,116.19,2023-12-08
P0321,Pantalón Mujer 321,Pantalón,Bogotá,266,37,100.2,2023-01-25
P0322,Falda Mujer 322,Falda,Bogotá,297,73,104.21,2023-04-16
P0323,Vestido Mujer 323,Vestido,Medellín,289,63,81.65,2023-05-11
P0324,Chaqueta Mujer 324,Chaqueta,Cali,185,81,80.12,2023-12-28
P0325,Falda Mujer 325,Falda,Bogotá,276,98,103.62,2023-05-09
P0326,Falda Mujer 326,Falda,Barranquilla,204,99,47.0,2023-11-18
P0327,Vestido Mujer 327,Vestido,Bogotá,59,14,113.4,2023-12-21
P0328,Blusa Mujer 328,Blusa,Barranquilla,149,40,73.71,2023-03-25
P0329,Pantalón Mujer 329,Pantalón,Barranquilla,216,19,84.35,2024-06-17
P0330,Pantalón Mujer 330,Pantalón,Cali,182,50,41.46,2023-02-05
P0331,Vestido Mujer 331,Vestido,Barranquilla,194,37,29.56,2023-11-05
P0332,Blusa Mujer 332,Blusa,Cali,127,56,20.71,2023-12-05
P0333,Blusa Mujer 333,Blusa,Cali,13,43,39.85,2023-02-09
P0334,Chaqueta Mujer 334,Chaqueta,Medellín,227,71,96.28,2023-04-23
P0335,Vestido Mujer 335,Vestido,Bogotá,42,48,13.64,2023-12-08
P0336,Falda Mujer 336,Falda,Medellín,188,66,21.93,2023-02-03
P0337,Falda Mujer 337,Falda,Bogotá,42,48,48.21,2023-02-17
P0338,Falda Mujer 338,Falda,Medellín,255,69,91.74,2023-10-02
P0339,Chaqueta Mujer 339,Chaqueta,Cali,217,59,94.53,2023-03-05
P0340,Falda Mujer 340,Falda,Cali,121,15,41.12,2023-09-06
P0341,Chaqueta Mujer 341,Chaqueta,Barranquilla,13,52,63.09,2023-03-20
P0342,Pantalón Mujer 342,Pantalón,Barranquilla,233,55,104.81,2023-03-18
P0343,Falda Mujer 343,Falda,Bogotá,238,48,63.55,2023-03-22
P0344,Pantalón Mujer 344,Pantalón,Medellín,295,85,81.94,2023-12-03
P0345,Chaqueta Mujer 345,Chaqueta,Medellín,289,97,114.21,2023-01-14
P0346,Blusa Mujer 346,Blusa,Bogotá,177,60,26.32,2023-11-15
P0347,Chaqueta Mujer 347,Chaqueta,Cali,270,88,73.98,2023-12-03
P0348,Falda Mujer 348,Falda,Barranquilla,226,41,29.28,2023-12-20
P0349,Chaqueta Mujer 349,Chaqueta,Cali,110,18,95.5,2023-12-28
P0350,Chaqueta Mujer 350,Chaqueta,Medellín,276,65,15.66,2023-03-22
P0351,Blusa Mujer 351,Blusa,Bogotá,9,17,82.56,2023-02-20
P0352,Vestido Mujer 352,Vestido,Barranquilla,262,51,116.78,2023-04-22
P0353,Blusa Mujer 353,Blusa,Barranquilla,255,94,85.77,2023-08-09
P0354,Chaqueta Mujer 354,Chaqueta,Medellín,209,88,45.38,2023-03-23
P0355,Blusa Mujer 355,Blusa,Medellín,60,70,58.94,2023-04-23
P0356,Vestido Mujer 356,Vestido,Bogotá,95,98,54.3,2023-10-08
P0357,Blusa Mujer 357,Blusa,Medellín,119,72,21.34,2023-12-24
P0358,Vestido Mujer 358,Vestido,Bogotá,47,25,37.49,2023-10-17
P0359,Chaqueta Mujer 359,Chaqueta,Cali,125,48,38.28,2023-09-24
P0360,Pantalón Mujer 360,Pantalón,Medellín,253,42,20.3,2023-06-03
P0361,Falda Mujer 361,Falda,Cali,197,68,27.01,2023-06-03
P0362,Blusa Mujer 362,Blusa,Medellín,152,50,15.9,2023-03-28
P0363,Falda Mujer 363,Falda,Medellín,23,36,98.01,2023-09-20
P0364,Blusa Mujer 364,Blusa,Bogotá,17,71,12.37,2023-12-08
P0365,Chaqueta Mujer 365,Chaqueta,Barranquilla,298,69,107.07,2023-04-09
P0366,Falda Mujer 366,Falda,Cali,38,63,18.51,2023-11-22
P0367,Pantalón Mujer 367,Pantalón,Bogotá,93,60,29.56,2023-12-19
P0368,Falda Mujer 368,Falda,Bogotá,288,59,105.23,2023-01-19
P0369,Blusa Mujer 369,Blusa,Bogotá,37,66,42.8,2023-10-11
P0370,Chaqueta Mujer 370,Chaqueta,Barranquilla,161,39,107.66,2023-05-19
P0371,Chaqueta Mujer 371,Chaqueta,Medellín,295,36,25.45,2023-12-06
P0372,Vestido Mujer 372,Vestido,Bogotá,152,46,105.79,2023-12-14
P0373,Falda Mujer 373,Falda,Bogotá,291,57,89.36,2023-12-26
P0374,Pantalón Mujer 374,Pantalón,Medellín,187,74,94.89,2023-07-14
P0375,Blusa Mujer 375,Blusa,Bogotá,33,35,96.86,2023-04-16
P0376,Vestido Mujer 376,Vestido,Barranquilla,242,15,83.22,2023-12-25
P0377,Vestido Mujer 377,Vestido,Bogotá,27,35,34.78,2023-12-20
P0378,Falda Mujer 378,Falda,Barranquilla,155,36,97.72,2023-02-23
P0379,Vestido Mujer 379,Vestido,Medellín,296,60,105.26,2023-12-17
P0380,Chaqueta Mujer 380,Chaqueta,Cali,54,38,93.23,2023-08-05
P0381,Blusa Mujer 381,Blusa,Medellín,82,46,13.75,2023-12-06
P0382,Blusa Mujer 382,Blusa,Medellín,50,96,90.11,2023-07-11
P0383,Pantalón Mujer 383,Pantalón,Cali,169,94,103.44,2023-09-23
P0384,Blusa Mujer 384,Blusa,Barranquilla,247,36,100.58,2023-12-13
P0385,Pantalón Mujer 385,Pantalón,Barranquilla,249,14,83.29,2023-12-07
P0386,Vestido Mujer 386,Vestido,Barranquilla,173,82,76.43,2023-08-07
P0387,Pantalón Mujer 387,Pantalón,Medellín,106,64,101.26,2023-11-05
P0388,Blusa Mujer 388,Blusa,Cali,12,16,91.57,2023-08-03
P0389,Blusa Mujer 389,Blusa,Barranquilla,82,52,42.08,2023-12-23
P0390,Vestido Mujer 390,Vestido,Barranquilla,104,74,97.63,2023-02-20
P0391,Vestido Mujer 391,Vestido,Medellín,41,36,61.95,2023-12-02
P0392,Blusa Mujer 392,Blusa,Cali,133,70,43.77,2023-03-07
P0393,Falda Mujer 393,Falda,Bogotá,70,53,64.37,2023-01-04
P0394,Chaqueta Mujer 394,Chaqueta,Cali,13,13,77.45,2023-11-15
P0395,Vestido Mujer 395,Vestido,Cali,118,95,89.39,2023-05-13
P0396,Vestido Mujer 396,Vestido,Medellín,260,65,34.42,2023-07-06
P0397,Vestido Mujer 397,Vestido,Bogotá,151,61,103.34,2023-09-13
P0398,Pantalón Mujer 398,Pantalón,Cali,249,87,114.31,2023-12-18
P0399,Pantalón Mujer 399,Pantalón,Bogotá,160,82,44.65,2023-11-02
P0400,Blusa Mujer 400,Blusa,Cali,185,22,74.94,2023-04-22
P0401,Vestido Mujer 401,Vestido,Medellín,152,81,114.19,2023-12-21
P0402,Blusa Mujer 402,Blusa,Medellín,290,70,78.11,2023-12-23
P0403,Falda Mujer 403,Falda,Bogotá,65,93,87.96,2023-10-20
P0404,Pantalón Mujer 404,Pantalón,Medellín,102,70,72.89,2023-03-12
P0405,Falda Mujer 405,Falda,Barranquilla,124,47,93.66,2023-02-03
P0406,Blusa Mujer 406,Blusa,Cali,85,52,57.09,2023-12-13
P0407,Vestido Mujer 407,Vestido,Bogotá,225,97,40.53,2023-11-15
P0408,Chaqueta Mujer 408,Chaqueta,Medellín,46,11,20.26,2023-11-02
P0409,Pantalón Mujer 409,Pantalón,Bogotá,65,61,47.65,2023-05-25
P0410,Falda Mujer 410,Falda,Bogotá,29,80,117.35,2023-12-17
P0411,Vestido Mujer 411,Vestido,Cali,174,82,74.59,2023-12-12
P0412,Vestido Mujer 412,Vestido,Cali,35,63,78.03,2023-02-11
P0413,Vestido Mujer 413,Vestido,Bogotá,45,27,29.89,2023-10-10
P0414,Blusa Mujer 414,Blusa,Cali,236,80,101.88,2023-01-28
P0415,Chaqueta Mujer 415,Chaqueta,Barranquilla,266,69,49.92,2023-12-02
P0416,Falda Mujer 416,Falda,Medellín,269,22,30.87,2023-07-22
P0417,Pantalón Mujer 417,Pantalón,Barranquilla,152,49,23.16,2023-12-09
P0418,Vestido Mujer 418,Vestido,Medellín,234,95,17.78,2023-02-08
P0419,Blusa Mujer 419,Blusa,Medellín,164,66,118.77,2023-10-05
P0420,Vestido Mujer 420,Vestido,Barranquilla,4,59,109.27,2023-05-03
P0421,Blusa Mujer 421,Blusa,Medellín,211,74,77.51,2023-01-06
P0422,Vestido Mujer 422,Vestido,Barranquilla,46,94,26.7,2023-02-02
P0423,Chaqueta Mujer 423,Chaqueta,Cali,246,56,45.31,2023-10-07
P0424,Chaqueta Mujer 424,Chaqueta,Medellín,179,16,82.65,2023-05-12
P0425,Chaqueta Mujer 425,Chaqueta,Bogotá,113,75,30.58,2023-08-27
P0426,Blusa Mujer 426,Blusa,Bogotá,166,87,39.51,2023-11-28
P0427,Blusa Mujer 427,Blusa,Medellín,198,12,69.88,2023-01-25
P0428,Blusa Mujer 428,Blusa,Bogotá,216,74,108.45,2023-02-20
P0429,Vestido Mujer 429,Vestido,Barranquilla,219,92,28.52,2023-08-09
P0430,Vestido Mujer 430,Vestido,Bogotá,72,21,25.46,2024-06-24
P0431,Pantalón Mujer 431,Pantalón,Cali,286,49,72.92,2023-01-12
P0432,Vestido Mujer 432,Vestido,Barranquilla,277,40,85.26,2023-09-13
P0433,Vestido Mujer 433,Vestido,Barranquilla,261,20,34.22,2023-07-12
P0434,Pantalón Mujer 434,Pantalón,Medellín,102,79,105.73,2023-12-28
P0435,Vestido Mujer 435,Vestido,Bogotá,244,15,87.97,2023-12-05
P0436,Vestido Mujer 436,Vestido,Bogotá,245,90,112.98,2023-12-28
P0437,Vestido Mujer 437,Vestido,Cali,139,14,61.16,2023-06-01
P0438,Falda Mujer 438,Falda,Cali,7,85,82.53,2023-07-18
P0439,Falda Mujer 439,Falda,Medellín,85,25,118.29,2023-01-06
P0440,Blusa Mujer 440,Blusa,Cali,144,14,31.95,2023-02-16
P0441,Blusa Mujer 441,Blusa,Medellín,51,26,37.27,2023-12-04
P0442,Vestido Mujer 442,Vestido,Cali,28,99,110.85,2023-05-01
P0443,Pantalón Mujer 443,Pantalón,Medellín,124,32,70.31,2024-06-16
P0444,Vestido Mujer 444,Vestido,Barranquilla,277,37,114.35,2023-04-18
P0445,Pantalón Mujer 445,Pantalón,Bogotá,133,85,106.83,2023-12-09
P0446,Vestido Mujer 446,Vestido,Barranquilla,242,18,56.87,2023-12-14
P0447,Vestido Mujer 447,Vestido,Barranquilla,90,87,23.66,2023-06-08
P0448,Vestido Mujer 448,Vestido,Cali,13,40,73.62,2023-10-10
P0449,Pantalón Mujer 449,Pantalón,Bogotá,193,19,14.88,2023-12-15
P0450,Chaqueta Mujer 450,Chaqueta,Bogotá,4,23,34.98,2023-11-28
P0451,Pantalón Mujer 451,Pantalón,Bogotá,81,32,77.87,2023-05-03
P0452,Blusa Mujer 452,Blusa,Cali,280,91,64.22,2023-05-28
P0453,Pantalón Mujer 453,Pantalón,Barranquilla,178,96,112.63,2023-01-09
P0454,Vestido Mujer 454,Vestido,Barranquilla,49,53,108.79,2023-01-19
P0455,Chaqueta Mujer 455,Chaqueta,Bogotá,18,33,102.54,2023-09-12
P0456,Blusa Mujer 456,Blusa,Cali,145,49,65.41,2023-10-16
P0457,Falda Mujer 457,Falda,Medellín,135,99,57.17,2023-02-27
P0458,Blusa Mujer 458,Blusa,Cali,50,57,92.31,2023-10-05
P0459,Vestido Mujer 459,Vestido,Cali,270,76,12.2,2023-03-17
P0460,Chaqueta Mujer 460,Chaqueta,Bogotá,294,37,90.98,2023-12-13
P0461,Vestido Mujer 461,Vestido,Bogotá,249,89,71.21,2023-08-01
P0462,Chaqueta Mujer 462,Chaqueta,Medellín,56,98,42.08,2023-01-20
P0463,Falda Mujer 463,Falda,Medellín,267,24,65.81,2023-01-20
P0464,Pantalón Mujer 464,Pantalón,Bogotá,7,47,51.88,2023-12-24
P0465,Pantalón Mujer 465,Pantalón,Bogotá,25,66,96.66,2023-01-18
P0466,Chaqueta Mujer 466,Chaqueta,Bogotá,131,25,39.16,2023-12-26
P0467,Falda Mujer 467,Falda,Cali,71,20,49.5,2023-03-16
P0468,Pantalón Mujer 468,Pantalón,Medellín,154,31,44.59,2023-10-16
P0469,Pantalón Mujer 469,Pantalón,Bogotá,280,62,61.66,2023-02-16
P0470,Chaqueta Mujer 470,Chaqueta,Medellín,263,37,26.32,2023-12-24
P0471,Falda Mujer 471,Falda,Barranquilla,39,40,17.64,2023-02-17
P0472,Blusa Mujer 472,Blusa,Barranquilla,79,20,22.78,2023-12-10
P0473,Chaqueta Mujer 473,Chaqueta,Cali,250,10,100.84,2023-02-14
P0474,Falda Mujer 474,Falda,Barranquilla,58,60,70.97,2023-05-10
P0475,Chaqueta Mujer 475,Chaqueta,Bogotá,208,93,103.17,2023-12-04
P0476,Vestido Mujer 476,Vestido,Medellín,142,65,100.24,2023-10-06
P0477,Blusa Mujer 477,Blusa,Bogotá,264,39,106.2,2023-06-13
P0478,Chaqueta Mujer 478,Chaqueta,Barranquilla,223,95,88.97,2023-04-21
P0479,Blusa Mujer 479,Blusa,Medellín,223,39,28.9,2023-10-08
P0480,Chaqueta Mujer 480,Chaqueta,Bogotá,43,87,53.82,2023-03-06
P0481,Blusa Mujer 481,Blusa,Cali,41,89,44.45,2023-12-13
P0482,Pantalón Mujer 482,Pantalón,Medellín,33,82,30.69,2023-10-11
P0483,Blusa Mujer 483,Blusa,Medellín,32,49,109.39,2023-12-27
P0484,Blusa Mujer 484,Blusa,Barranquilla,168,77,74.07,2023-12-28
P0485,Chaqueta Mujer 485,Chaqueta,Medellín,203,74,35.52,2023-12-01
P0486,Blusa Mujer 486,Blusa,Barranquilla,74,70,26.09,2023-10-28
P0487,Falda Mujer 487,Falda,Medellín,167,71,70.55,2023-10-08
P0488,Chaqueta Mujer 488,Chaqueta,Barranquilla,6,68,55.02,2023-06-05
P0489,Pantalón Mujer 489,Pantalón,Bogotá,287,15,55.7,2023-09-24
P0490,Vestido Mujer 490,Vestido,Bogotá,177,94,38.92,2023-02-07
P0491,Falda Mujer 491,Falda,Cali,250,94,95.29,2023-07-11
P0492,Vestido Mujer 492,Vestido,Cali,212,86,76.71,2023-12-14
P0493,Blusa Mujer 493,Blusa,Bogotá,93,37,34.16,2023-04-16
P0494,Vestido Mujer 494,Vestido,Cali,139,24,47.85,2023-09-01
P0495,Vestido Mujer 495,Vestido,Barranquilla,136,44,18.7,2023-02-05
P0496,Falda Mujer 496,Falda,Medellín,16,81,72.47,2023-01-13
P0497,Vestido Mujer 497,Vestido,Medellín,37,28,28.13,2023-03-14
P0498,Pantalón Mujer 498,Pantalón,Medellín,86,48,60.85,2023-03-04
P0499,Blusa Mujer 499,Blusa,Bogotá,224,30,89.42,2023-02-09
P0500,Pantalón Mujer 500,Pantalón,Barranquilla,136,98,82.99,2023-04-21
